<?xml version="1.0" encoding="UTF-8"?>
<!-- 
 *  Copyright (c) 2005-2015, WSO2 Inc. (http://www.wso2.org) All Rights Reserved.
 *
 *  WSO2 Inc. licenses this file to you under the Apache License,
 *  Version 2.0 (the "License"); you may not use this file except
 *  in compliance with the License.
 *  You may obtain a copy of the License at
 *
 *    http://www.apache.org/licenses/LICENSE-2.0
 *
 * Unless required by applicable law or agreed to in writing,
 * software distributed under the License is distributed on an
 * "AS IS" BASIS, WITHOUT WARRANTIES OR CONDITIONS OF ANY
 * KIND, either express or implied.  See the License for the
 * specific language governing permissions and limitations
 * under the License.
 -->

<template xmlns="http://ws.apache.org/ns/synapse" name="publishMessages">
    <parameter name="topic" description="maintains feeds of messages in categories"/>
    <parameter name="message" description="the messages can be xml or json message"/>
    <parameter name="key" description="the key associated with message"/>
    <parameter name="autoiterate" description="iterate messages inside connector"/>
    <parameter name="messageXPath" description="xpath string for iterator"/>
    <parameter name="namespaces" description="namespaces for xpath iterator"/>
    <sequence>
        <property expression="$func:message" name="kafka.message"
                  scope="operation" type="STRING"/>
        <class name="org.wso2.carbon.connector.KafkaProduce"/>
    </sequence>
</template>
